entropy_level,domain,prompt,text,is_watermarked,score,time,num_attempts,algorithm
1,creative,Write a 500-word story:,"A Young Girl’s Dream
As a young girl, Maria had always been fascinated by the night sky. She would often sneak out of her bedroom window and gaze up at the stars, lost in their twinkling beauty. She felt an inexplicable connection to the universe, as if the stars were calling to her, beckoning her to explore their secrets.
As she grew older, Maria’s fascination with the night sky only deepened. She spent hours reading books about astronomy, devouring facts and figures about the planets and galaxies. She even convinced her parents to buy her a telescope, which she would set up in her backyard on clear nights, marveling at the wonders of the cosmos.

But Maria’s true dream was not just to observe the stars, but to reach them. She longed to be an astronaut, to soar through the vast expanse of space and walk on the moon. She spent hours poring over pictures of astronauts in their suits, imagining herself in their place.

As she entered her teenage years, Maria’s parents began to encourage her to pursue more practical goals. They urged her to focus on her studies, to get a good job and settle down. But Maria’s heart was not in it. She felt stifled by the idea of living a mundane life, of never realizing her dream.

One day, Maria decided to take matters into her own hands. She began to apply to space camps and programs, hoping to get a glimpse into the world of astronautics. She spent her summer breaks attending these camps, learning about rocket propulsion and space exploration.

It wasn’t easy, of course. There were many setbacks and disappointments along the way. But Maria persevered, driven by her passion for the stars. She worked hard, studying diligently and pushing herself to her limits.

And then, the day finally came. Maria received an acceptance letter from a prestigious space program, inviting her to join their astronaut training program. She was overjoyed, her heart soaring with excitement.

The training was grueling, but Maria was determined to succeed. She spent hours in the simulator, practicing spacewalks and emergency landings. She studied hard, learning about the intricacies of spacecraft systems and the psychology of long-term space travel.

Finally, the day of the launch arrived. Maria boarded the spacecraft, her heart racing with excitement. As the rocket lifted off, she felt a sense of weightlessness, of freedom. She was finally on her way to the stars.

The journey was long and arduous, but Maria was undaunted. She marveled at the beauty of the Earth from space, watching as the blue planet receded into the distance. She felt a sense of awe and wonder, of being a part of something much larger than herself.

And then, they reached the moon. Maria stepped out of the spacecraft, her footprints marking the lunar surface. She felt a sense of pride and accomplishment, of having realized her dream.

As she looked up at the stars, Maria knew that this was just the beginning. She had reached the moon, but she had her sights set on the rest of the universe. She was a young girl with a big dream, and nothing was going to stop her from achieving it.",True,4.742363900101204,285.8258926868439,3,KGW
1,creative,Write a 500-word story:,"A young woman has just received her first tattoo, and it's not exactly what she had in mind. She's disappointed, but she's not sure how to express her feelings. She confides in her sister, who has some surprising advice.
As soon as the tattoo artist finished, Emily couldn't wait to see the finished product. She had spent hours agonizing over the design, finally settling on a delicate cherry blossom branch that wrapped around her wrist. But as the artist held up the mirror, Emily's excitement quickly turned to disappointment. The blossoms were more like clumsy pom-poms, and the branch looked thick and awkward.

Emily tried to muster up some enthusiasm, but the artist could tell she was unhappy. ""You like it, right?"" he asked, a hint of defensiveness creeping into his voice.

Emily hesitated, unsure of how to respond. She didn't want to hurt the artist's feelings, but she couldn't pretend that she loved the tattoo. ""It's...different than I expected,"" she said finally.

The artist nodded sympathetically. ""Tattoos are a process, and sometimes they don't turn out exactly as planned. But it's still a beautiful piece of art.""

Emily nodded, feeling a little guilty for not being more grateful. She paid the artist and left the studio, feeling uncertain about her new tattoo. She decided to confide in her sister, Rachel, who had been a tattoo enthusiast for years.

As soon as Emily showed Rachel the tattoo, her sister's expression changed from excitement to surprise. ""Wow, that's... quite a unique design,"" Rachel said tactfully.

Emily sighed. ""I know, right? I was hoping for something delicate and elegant, but this is just... clumsy.""

Rachel listened thoughtfully, then surprised Emily by saying, ""You know, I think this tattoo is kind of amazing.""

Emily raised an eyebrow. ""Really? Why?""

Rachel smiled. ""Because it's not perfect. It's not some generic, Instagram-perfect design that everyone has. It's quirky and imperfect, just like you.""

Emily was taken aback by her sister's words. She had been so focused on the tattoo not being what she wanted that she hadn't considered the possibility that it could be something even better.

Rachel continued, ""Think about it, Emily. If you had gotten the perfect, delicate cherry blossom design, it would have been just like every other tattoo out there. But this... this is one-of-a-kind. It's a conversation starter. And it's a reminder that sometimes, the best things in life are the ones that don't turn out exactly as planned.""

Emily couldn't help but smile at her sister's words. She realized that Rachel was right – the tattoo may not be what she had envisioned, but it was still a unique and beautiful piece of art. And it was a reminder that sometimes, it's the imperfections that make something truly special.

As Emily looked at her tattoo with new eyes, she felt a sense of pride and ownership. It may not be perfect, but it was hers, and it was a reminder that sometimes, the best things in life are the ones that surprise us.",True,5.158119962775933,268.56061697006226,1,KGW
1,creative,Write a 500-word story:,"A small-town girl with a passion for dance, struggles to pursue her dreams when her family faces financial hardship.
As the sun set over the small town of Willow Creek, 17-year-old Emily Jenkins would often find herself lost in the rhythm of her favorite music, twirling and leaping across her bedroom floor. Dance had always been her escape, her passion, and her dream. She had grown up watching old videos of Swan Lake and The Nutcracker, mesmerized by the ballerinas' elegance and poise. Emily longed to follow in their footsteps, to dance on the stages of New York City and beyond.

But life had other plans. Emily's family had always been working-class, her parents struggling to make ends meet. Her father worked double shifts at the local factory, while her mother took in sewing and alterations from the neighbors. They did their best to provide for Emily and her younger brother, but the financial strain was taking its toll.

As Emily entered her senior year of high school, she knew she had to make a decision about her future. She had always assumed she would pursue dance, maybe even attend a prestigious conservatory or university. But with her family's financial situation worsening, Emily began to doubt whether her dreams were within reach.

Her parents, though loving and supportive, urged her to consider more ""practical"" options. ""You can always dance as a hobby, sweetie,"" her mother would say, ""but you need to think about getting a job that will pay the bills."" Emily felt like she was being pulled in two different directions – her heart telling her to follow her passion, while her head warned her to be realistic.

As the months went by, Emily's dance classes became fewer and farther between. She had to drop out of the local dance studio, unable to afford the tuition. Her parents were struggling to keep the lights on, let alone pay for extracurricular activities.

Feeling defeated, Emily stopped dancing altogether. She threw herself into her schoolwork, determined to get good grades and secure a scholarship to a local college. But the fire that had once burned within her was dwindling, and she felt like a part of her was dying.

One day, Emily's English teacher, Mrs. Thompson, approached her after class. ""I've noticed you've been struggling lately,"" Mrs. Thompson said gently. ""I know you love to dance. Why don't you come talk to me about what's been holding you back?"" Emily poured her heart out to Mrs. Thompson, sharing her fears and doubts.

Mrs. Thompson listened attentively, then shared a story of her own. She had always wanted to be a writer, but had put her dreams on hold to raise a family. Now, she was pursuing her passion, writing novels in her spare time. ""Don't give up on your dreams, Emily,"" Mrs. Thompson urged. ""Find a way to make them work. You never know what opportunities might come your way.""

Emily left Mrs. Thompson's office feeling a spark of hope. She began to brainstorm ways to pursue her passion for dance, even on a limited budget. She started volunteering at a local dance studio, helping with younger students in exchange for free classes. She applied for scholarships and grants, determined to make her dreams a reality.

It wouldn't be easy, but Emily was willing to fight for her passion. She knew that with hard work and determination, she could overcome any obstacle and follow her heart. As she drifted off to sleep that night, Emily felt the familiar rhythm of her favorite music calling to her, urging her to keep dancing, no matter what.",True,7.6353100253803365,306.7083694934845,1,KGW
2,creative,Write a 500-word story that takes place in Paris:,"the city of love
Paris, the city of love. A place where dreams come true, where hearts beat as one, and where romance lingers in the air. For Sophie, a young American artist, Paris was a city of endless possibilities, a city where she had always longed to escape to.

As she wandered along the Seine, taking in the sights and sounds of the city, Sophie felt her heart swell with emotion. She had always been drawn to the artistic vibe of Montmartre, with its winding streets, charming cafes, and historic landmarks. But it was the people of Paris that truly captured her heart - their passion, their flair, and their unwavering joie de vivre.

Sophie had arrived in Paris a week ago, with nothing but a one-way ticket and a small suitcase full of art supplies. She had always dreamed of becoming a painter, and the city's vibrant art scene had called to her like a siren. As she explored the city, Sophie felt inspired by the beauty around her - the way the light danced through the trees, the colors of the street performers, and the intricate details of the ancient buildings.

As she turned a corner, Sophie stumbled upon a small, quaint cafe. The sign above the door read ""Le Coeur de la Vie"" - The Heart of Life. Sophie felt drawn to the place, as if it was calling to her. She pushed open the door and stepped inside, where she was enveloped by the warm aroma of freshly baked croissants and the soft hum of conversation.

The cafe was cozy and intimate, with plush red chairs and soft candlelight. Sophie took a seat at a small table by the window, where she could watch the world go by. As she sipped a rich, bold coffee, Sophie noticed a young man sitting across from her, sketching in a notebook. His dark hair was messy and unkempt, and his eyes were bright with creativity.

For a few moments, Sophie and the young man simply sat, lost in their own thoughts. Then, without looking up, he spoke, ""Bonjour, mademoiselle. What brings you to our city?"" Sophie's heart skipped a beat as she turned to face him. ""I'm an artist,"" she replied, ""I came to Paris to find inspiration.""

The young man looked up, his eyes locking onto hers. ""I am Pierre,"" he said, with a charming smile. ""I am also an artist. Perhaps we can find inspiration together?"" Sophie's heart soared as Pierre closed his notebook and joined her at the table.

As they talked, Sophie felt a connection with Pierre that she had never felt before. They spoke of art, of love, of life, and of the city that had brought them together. The hours flew by, and before Sophie knew it, the sun was setting over the rooftops of Montmartre.

As they strolled along the Seine, Pierre took Sophie's hand, and she felt a spark of electricity run through her body. ""Je t'aime, Paris,"" he whispered, ""and I think I might just love you, too, Sophie."" Sophie's heart overflowed with emotion as she smiled up at Pierre, knowing that she had found her perfect match in the city of love. For in Paris, where dreams come true, Sophie had found her own happily ever after.",True,6.11775290321498,285.095920085907,2,KGW
2,creative,Write a 500-word story that takes place in Paris:,"A young woman named Sophie finds an antique violin in a small shop. She is immediately drawn to it, but the owner, an old man named Monsieur LeFleur, is reluctant to sell it to her.
As Sophie wandered through the winding streets of Montmartre, she stumbled upon a small, mysterious shop tucked away on a corner. The sign above the door read ""Curios and Antiques,"" and the windows were crowded with a jumble of strange and exotic treasures. Sophie's curiosity was piqued, and she pushed open the door to venture inside.
The shop was dimly lit, with narrow aisles and crowded shelves that seemed to stretch on forever. Sophie's eyes adjusted slowly to the dim light, and she began to make out the various objects on display. There were vintage dolls, yellowed letters, and even a taxidermied owl perched on a shelf. But as she turned a corner, Sophie's gaze landed on a beautiful, antique violin.

It was nestled in a glass case, surrounded by other musical instruments, but the violin seemed to shine with an otherworldly light. Sophie felt an inexplicable connection to it, as if the instrument was calling to her. She approached the case slowly, her heart beating with excitement.

Just then, an old man emerged from the back of the shop. He was thin and stooped, with a wild shock of white hair and piercing blue eyes. ""Ah, bonjour,"" he said, his voice low and gravelly. ""Welcome to my humble shop. I am Monsieur LeFleur.""

Sophie introduced herself, and Monsieur LeFleur's eyes narrowed as he took in her appearance. ""You're interested in the violin, I presume?"" he said, his tone skeptical.

Sophie nodded eagerly. ""Yes, it's beautiful. I've never seen anything like it.""

Monsieur LeFleur snorted. ""You don't know anything about violins, do you? This is a rare and valuable instrument. I'm not sure it's suitable for someone like you.""

Sophie felt a surge of indignation. ""What do you mean, someone like me?"" she asked, her voice rising.

Monsieur LeFleur shrugged. ""You look like a tourist. You probably don't know the first thing about playing the violin. This instrument deserves to be played by someone who truly appreciates its beauty and craftsmanship.""

Sophie felt a stinging sensation in her eyes, but she refused to back down. ""I may not be a professional musician,"" she said, ""but I have a deep love for music. And I feel a connection to this violin that I've never felt before. I'm willing to learn, to practice, to do whatever it takes to play it the way it deserves to be played.""

Monsieur LeFleur raised an eyebrow, seeming to consider her words. After a moment, he spoke. ""Very well, I will sell it to you. But not because I think you're worthy of it, but because I sense that you might just have the passion and dedication to bring it to life.""

Sophie's heart soared as Monsieur LeFleur carefully removed the violin from the case and handed it to her. As she held it in her arms, she felt a strange energy coursing through her body. She knew that this was just the beginning of a beautiful journey, one that would take her to places she had never imagined. And as she left the shop, violin in hand, she felt the city of Paris unfolding before her like a map, full of secrets and surprises waiting to be discovered.",True,4.751776073010235,321.12614727020264,1,KGW
2,creative,Write a 500-word story that takes place in Paris:,"A City of Romance
Paris: A City of Romance
As I stepped off the train and into the bustling Gare du Nord station, I couldn't help but feel a flutter in my chest. I had always dreamed of visiting the City of Light, and now, finally, I was here. My husband, Alex, took my hand and we made our way through the crowds, our suitcases wheeling behind us.

We had been married for five years, and this trip was a celebration of our love. We had always been romantic, but the stress of everyday life had started to take its toll. We needed a break, a chance to reconnect and rekindle the flame that had brought us together in the first place.

As we emerged from the station, the Parisian sunlight hit us like a warm embrace. We hailed a taxi and headed to our hotel, a charming boutique establishment in the heart of the city. After settling in, we set out to explore.

Our first stop was the iconic Eiffel Tower. We rode the elevator to the top, where we were greeted by a breathtaking view of the city. Alex took my hand and we leaned against the railing, taking in the sights and sounds of the bustling metropolis below.

As we descended, we strolled hand in hand through the Champ de Mars park, taking in the street performers and artists. We stopped at a charming café, where we sipped coffee and people-watched. The city was alive with energy, and we couldn't help but feel a part of it.

The next day, we visited the Louvre, where we spent hours admiring the masterpieces on display. We stood in front of the Mona Lisa, marveling at her enigmatic smile. Alex took my hand and we walked to the Seine, where we boarded a riverboat for a romantic dinner cruise.

As we glided along the water, the city lights twinkling like diamonds, we talked about our dreams and aspirations. We reminisced about our wedding day, and the promises we had made to each other. We laughed and joked, feeling like we were 20 again, falling in love for the first time.

The following evening, we strolled through Montmartre, taking in the bohemian charm of the historic neighborhood. We climbed the winding stairs to the top of the hill, where we were greeted by a stunning view of the city. We sat on a bench, watching the sun set over the rooftops.

As the stars began to twinkle, Alex took my hand and we walked to a nearby bistro. We feasted on escargots and ratatouille, washing it down with a bottle of wine. We talked and laughed, feeling like we were the only two people in the world.

As we finished our meal and prepared to leave, Alex looked into my eyes and said, ""I love you, more now than ever."" I smiled, feeling my heart swell with emotion. ""I love you too,"" I replied.

Paris, the City of Romance, had worked its magic on us. We had reconnected, rekindled our love, and fallen deeper in love with each other. As we strolled back to our hotel, hand in hand, we both knew that this trip would be a memory we would cherish forever.",True,4.600805804511001,306.1677141189575,2,KGW
3,creative,"Write a 500-word story about Evan, who falls for Emilie in Paris:","the city of love
As he strolled along the Seine, the golden light of sunset casting a romantic glow over the city, Evan couldn’t help but feel a sense of possibility. He had always been drawn to Paris, the city of love, and now, as a young traveler, he had finally made it here, solo. With a backpack full of dreams and a heart full of hope, he was ready to take on the world, or at least, this enchanting city.

It was on this very same riverbank that he first spotted her – Emilie, with her bright smile and effortless elegance. She was laughing with a group of friends, her eyes sparkling like diamonds in the fading light. Evan was immediately captivated, his heart skipping a beat as he watched her from afar.

For days, he found himself wandering the streets, hoping to catch another glimpse of the mysterious woman. He discovered that she was a student at the Sorbonne, studying art and philosophy. He learned her name from a friend of a friend, and before he knew it, he was lingering outside her favorite café, waiting for the courage to approach her.

Finally, on a crisp autumn morning, he mustered up the courage to walk into the charming establishment. Emilie was sipping a coffee, lost in thought, when he stumbled upon her. Their eyes met, and the world seemed to slow down. Evan’s heart was racing, but he took a deep breath and introduced himself, trying to play it cool.

As they chatted, Evan discovered that Emilie was not only beautiful but also kind, intelligent, and passionate about her art. They talked for hours, strolling along the Seine, sharing stories, and laughter. The city, with all its beauty and magic, seemed to melt away, leaving only the two of them, lost in their own little world.

As the days turned into weeks, Evan and Emilie found themselves inseparable. They explored the city together, visiting the Louvre, Montmartre, and the Eiffel Tower. They danced under the stars, shared baguettes and cheese, and kissed on moonlit bridges.

Evan had never felt this way before. He was falling deeply in love with Emilie, and the city of love was weaving its magic around them. Every moment with her was a revelation, a discovery of new sensations, new emotions, and new possibilities.

One evening, as they sat on a bench overlooking the Seine, watching the city lights twinkle to life, Emilie turned to Evan and said, ""Je t'aime."" I love you. Evan’s heart soared, and he knew in that instant that he felt the same way.

As they wrapped their arms around each other, the city of love seemed to whisper its approval. The stars aligned, the Seine flowed gently, and the Eiffel Tower stood tall, a witness to their love.

Evan and Emilie knew that their time in Paris was limited, but they were determined to make the most of it. They vowed to cherish every moment, to love without bounds, and to make their time in this enchanting city a memory to last a lifetime.

As they strolled hand in hand into the Parisian night, Evan realized that sometimes, the city of love can surprise you with its magic, bringing two souls together in the most unexpected way. And as they disappeared into the crowd, the city of love smiled, knowing that it had worked its magic once again.",True,5.453286254723361,299.9384684562683,1,KGW
3,creative,"Write a 500-word story about Evan, who falls for Emilie in Paris:","the city of love. Evan is a hopeless romantic, who has always been fascinated by Paris. While walking along the Seine, he meets Emilie, who is charming, kind, and beautiful. As they stroll along the riverbank, they begin to fall deeply in love. But as their romance blossoms, Evan struggles with the fear of losing Emilie, who is only visiting the city for a short time.
Evan had always been a hopeless romantic, and Paris, the city of love, was his ultimate fantasy destination. As a writer, he had spent countless hours reading about the city's winding streets, charming cafés, and picturesque bridges. Finally, after years of saving, he had arrived in the city of his dreams, armed with nothing but a worn-out journal and an insatiable curiosity.

As he strolled along the Seine, taking in the sights and sounds of the bustling city, Evan stumbled upon a beautiful girl with piercing green eyes and raven-black hair. Her name was Emilie, and she was visiting Paris for a short time before returning to her home in the countryside. They struck up a conversation, bonding over their shared love of literature and music.

As they walked along the riverbank, the city's magic began to unfold. The sun was setting, casting a golden glow over the water, and the air was filled with the sweet scent of blooming flowers. Evan and Emilie talked for hours, sharing stories, laughter, and dreams. With every step, they drew closer, their hearts beating as one.

Evan was captivated by Emilie's charming smile, her infectious laughter, and her kindness. She, too, was enchanted by his passion for life, his love of words, and his quirky sense of humor. As the night deepened, they found themselves lost in the city's winding streets, their hands touching, their eyes locking.

As their romance blossomed, Evan struggled with the fear of losing Emilie. She was only visiting the city for a short time, and he couldn't bear the thought of saying goodbye. He had always been a romantic, but this was different. This was real. He felt like he had found his soulmate in this charming, kind, and beautiful girl.

As they sat on a bench overlooking the Seine, watching the stars twinkle to life, Evan took Emilie's hand and confessed his fears. ""I don't want to lose you,"" he said, his voice trembling with emotion. ""I've never felt this way about anyone before. I'm scared of saying goodbye.""

Emilie's eyes sparkled with tears as she leaned in close. ""I feel the same way,"" she whispered. ""But we don't have to say goodbye. We can make the most of our time together, and who knows? Maybe fate will bring us back together.""

Evan's heart soared as he wrapped his arms around her, pulling her close. They sat there, wrapped in each other's arms, watching the city of love unfold its magic before their eyes.

As the night wore on, they made a pact to cherish every moment, to seize every second, and to make the most of their time together. And as they strolled hand in hand along the Seine, Evan knew that this was just the beginning of their love story, one that would unfold in the city of love, where dreams come true, and romance is always in the air.",True,5.155066696336543,290.13148522377014,3,KGW
3,creative,"Write a 500-word story about Evan, who falls for Emilie in Paris:","the city of love
Paris, the city of love. A place where dreams come true, where romance lingers in the air, and where hearts beat as one. For Evan, it was a city he had always been drawn to, with its charming streets, picturesque cafes, and the majestic Eiffel Tower that seemed to touch the sky. But little did he know, it was also the city where his heart would find its match in the loveliest of women, Emilie.
Evan, a young American, had always been fascinated by the French culture. As a student of art history, he had spent countless hours studying the masterpieces of Monet, Renoir, and Van Gogh. So, when he won a scholarship to spend a semester in Paris, he jumped at the opportunity. With a backpack full of dreams and a heart full of curiosity, he set off to explore the city of his dreams.

It was a crisp autumn morning when Evan first laid eyes on Emilie. She was standing at a small café on the Boulevard Saint-Germain, sipping a café au lait and scribbling in a journal. Her dark hair cascaded down her back like a waterfall, and her bright blue eyes sparkled like the stars on a clear night. Evan was immediately smitten, but he was too shy to approach her.

Days turned into weeks, and Evan found himself wandering the streets of Montmartre, hoping to catch a glimpse of the mysterious woman. He would sit at a café, nursing a coffee, and watch her from afar, trying to muster the courage to introduce himself. But every time he saw her, she was surrounded by a group of friends or lost in thought, and he couldn't find the right moment to make his move.

One fateful evening, as the sun dipped into the Seine, Evan finally mustered the courage to approach Emilie. She was standing at a street corner, gazing up at the Eiffel Tower, which was twinkling like a thousand diamonds. He walked up to her, his heart pounding in his chest, and introduced himself in his best French.

To his surprise, Emilie was not only beautiful but also kind, witty, and charming. They talked for hours, strolling along the Seine, sharing stories, and laughter. As the night wore on, Evan found himself falling deeply in love with her. They exchanged numbers, and before parting ways, Emilie invited him to join her for a picnic in the Luxembourg Gardens the next day.

The picnic was a magical experience, with Emilie and Evan laughing, talking, and getting to know each other. They shared a baguette, cheese, and wine, and as they sat together, watching the sunset, Evan knew he had found his soulmate.

As the semester came to a close, Evan and Emilie's love continued to blossom. They explored the city together, visiting the Louvre, the Musée d'Orsay, and the charming streets of Le Marais. They would sit at a café, holding hands, and watching the world go by.

For Evan, Paris had become more than just a city – it had become the place where his heart had found its home. And as he looked into Emilie's eyes, he knew that he would never let her go. As the city of love whispered its secrets in their ears, Evan and Emilie knew that their love would last a lifetime.",True,5.971838673545791,291.68464732170105,2,KGW
4,creative,"Write a 500-word story about Evan, an American tourist, who falls for Emilie, a barista, in Paris:","“The City of Love.”
As Evan stepped off the train and onto the platform at Gare du Nord, he felt a thrill of excitement course through his veins. He had always dreamed of visiting Paris, the city of love and romance, and now, finally, he was here. With a spring in his step, he set off to explore the winding streets and charming cafes that had captured his imagination.
As he wandered through the Marais, Evan stumbled upon a quaint little coffee shop tucked away on a quiet side street. The sign above the door read ""Café de la Paix,"" and the aroma of freshly brewed coffee wafting from within drew him in like a magnet. Inside, he found himself in a cozy, sun-drenched room filled with comfortable armchairs and the gentle hum of conversation. Behind the counter stood a beautiful young woman with piercing green eyes and a bright smile, expertly crafting a delicate latte art design on a steaming cup.

Evan's heart skipped a beat as their eyes met, and he felt an inexplicable connection. ""Bonjour,"" she said, looking up from her work. ""Welcome to Café de la Paix. What can I get for you today?"" Her voice was like music, with a soft French accent that sent shivers down Evan's spine.

As he ordered a café au lait, Evan found himself struggling to tear his gaze away from the barista, who introduced herself as Emilie. They chatted easily, exchanging stories and laughter, and before he knew it, Evan had been sitting at the counter for over an hour, sipping his coffee and getting to know this captivating young woman.

As the days passed, Evan found himself returning to Café de la Paix again and again, each time hoping to catch a glimpse of Emilie. They would talk for hours, sharing stories of their lives, their dreams, and their passions. Evan learned that Emilie was not only a talented barista but also a gifted artist, with a passion for painting and music.

As they explored the city together, Evan discovered that Emilie was more than just a beautiful face – she was kind, intelligent, and had a quick wit that left him in stitches. They strolled along the Seine, admiring the city's famous landmarks and sharing kisses beneath the twinkling stars. With each passing moment, Evan's feelings for Emilie deepened, and he knew he was falling deeply in love.

As the days turned into weeks, Evan realized that his trip to Paris had become so much more than just a vacation – it had become a journey of discovery, of love, and of finding himself. And as he looked into Emilie's eyes, he knew that he had found his soulmate in the city of love.

As they sat together on a moonlit bench overlooking the Eiffel Tower, Evan turned to Emilie and whispered, ""Je t'aime."" She smiled, her eyes sparkling with tears, and replied, ""Je t'aime aussi, Evan."" In that moment, Evan knew that their love would transcend borders, cultures, and time zones – it would be a love that would last a lifetime.

As they gazed out at the city, wrapped in each other's arms, Evan realized that sometimes, the greatest adventures are the ones that lead us to the people who change our lives forever. And for him, that person was Emilie, the beautiful barista who had captured his heart in the city of love.",True,4.105177495493167,294.30534505844116,3,KGW
4,creative,"Write a 500-word story about Evan, an American tourist, who falls for Emilie, a barista, in Paris:","“The City of Love.”
As Evan stepped off the train at the Gare du Nord station, the crisp Parisian air greeted him, carrying the scent of freshly baked croissants and the hum of café chatter. He had always been drawn to the city of love, with its winding streets, charming cafés, and the Seine River flowing through its heart. For a week, he had wandered the streets, taking in the sights and sounds, but it wasn't until he stumbled upon a quaint café in the Latin Quarter that he felt truly alive.

The café, with its vintage decor and soft jazz music, was a haven from the bustling city. Evan ordered a café au lait and, as he waited, his eyes met those of the barista, Emilie. Her bright blue eyes sparkled as she smiled, and Evan's heart skipped a beat. With a quick exchange of bonjours, she handed him his coffee, and Evan took a seat at a small table by the window, watching her as she worked.

For the next few days, Evan found himself returning to the café, ordering the same coffee, and sitting in the same spot, all in the hopes of catching a glimpse of Emilie. They would exchange pleasantries, and Evan would learn a little more about her each time – her love of literature, her passion for art, and her dreams of traveling the world. As the days passed, their conversations grew longer, and Evan found himself falling deeply for the charming barista.

One afternoon, as the sun began to set, casting a golden glow over the city, Emilie invited Evan to join her for a walk along the Seine. They strolled hand in hand, taking in the sights and sounds of the city, their conversation flowing effortlessly. As they walked, Evan realized that he had never felt this way about anyone before. There was something about Emilie that made him feel seen, heard, and understood.

As the night drew to a close, Emilie led Evan to a small bridge overlooking the Seine. The city lights twinkled like stars, and the sound of laughter and music carried on the breeze. Emilie turned to Evan, her eyes shining with a mix of mischief and affection. ""Je t'aime, Evan,"" she whispered, her lips brushing against his.

Evan's heart soared as he wrapped his arms around her, pulling her close. ""Je t'aime, Emilie,"" he replied, his voice barely above a whisper. As they kissed under the stars, the city of love seemed to come alive around them, its magic infusing their moment of tenderness.

For the rest of his stay, Evan and Emilie were inseparable. They explored the city together, holding hands, and laughing. They talked about their dreams, their passions, and their fears. As the days turned into a week, Evan knew that he couldn't bear to leave Emilie behind. He asked her to join him on his travels, and to his delight, she agreed.

As they stood on the platform, waiting for the train to take them to their next destination, Evan turned to Emilie and smiled. ""Je t'aime, Emilie,"" he said, his heart full of joy. Emilie smiled back, her eyes sparkling with love. ""Je t'aime, Evan. Always.""

And so, the city of love had worked its magic once again, bringing two souls together in a chance encounter that would change the course of their lives forever. As the train pulled out of the station, Evan and Emilie sat together, hands entwined, watching the city of love disappear into the distance, knowing that their love would endure, no matter where their journey took them.",True,5.8268563258338375,315.1366446018219,1,KGW
