prompt,P,origin_A,origin_B
"Write a 500-word story about Evan, an American tourist, who falls for Emilie, a barista, during a spring festival in Paris:","Paris, the City of Love, is known for its beauty and timeless elegance, a city made for lovers to enjoy its charms of charm and romance. Evan the Traveler is no different, except his visit to the City of Love has an unexpected new, more romantic twist thanks to a young French barista named Emilie. It's the first day of the famous Flower Festival, and Evan passes by a charming cafe along the beautiful, romantic Seine River. Bright music and the lovely scent of fresh French tea, homemade pastries and blooming flowers lures him in, and he takes a seat. Emilie, with her friendly smile, greets him immediately, with a warm ""Bonjour!"" Evan is immediately smitten. They immediately form a bond, one that grows as they talk about their love of music and traveling. It also soon seems that young Emilie is not only a musician, but also is an artist. Her soft, beautiful, and warm smile and her kind, caring words are captivating, and Evan feels more relaxed, more hopeful and more joyous being with her. As the day goes by, he visits to the cafe again and again to see Emilie, sipping coffees and enjoying her company. They chat about everything, from the art of painting to music to travel to life's many wonders, and his affection for and curiosity towards to her only grows. During the festival, the city is alive with street performers, music, and flowers. Evan and Emilie take to the streets to enjoy the sights, smells, and sounds and tastes of the city. They pass many a flower stall. He buys Emilie a pastry, and they return to the cafe, looking out at the Seine River and the Eiffel Tower. As the festival closes, Evan begins to feel a little sad, a sense of reluctance to return to his home. But as they sit in the cafe, she says to him, in French, ""Will you stay with me another day or night? I'd love to show you more of my beautiful city."" His heart leaps with joy. The next day, Emilie takes Evan out into the city. She shows him the little hidden corners of the city only a true Parisian would know. They dine at a quiet and cozy café, and there they share a tender first kiss. As their romance blossoms, Evan knows he has fallen in love with Emilie. The romance of Paris has worked its own magic, and he isn't sure if it is due to the city or the charm of Emilie. On a romantic midnight stroll under the light of the Eiffel Tower, Evan takes her hand, and they share a tender kiss. The city charms him, but it's the beauty of her, young and charming Emilie, that has stolen his heart. As they look out at the Eiffel Tower, Evan knows he is destined to return again and again and times to Paris, not just for the romance and charm, but for the special and true love he has found in the City of Love.","Paris, the City of Love, is renowned for its charming atmosphere, iconic landmarks, and enchanting beauty. For Evan, a young American tourist, the city's magic is about to take on a whole new meaning. It's the first day of the spring festival, and the air is alive with music, laughter, and the sweet scent of blooming flowers. As Evan wanders through the crowded streets, he stumbles upon a quaint little cafÃ©, where the aroma of freshly brewed coffee beckons him inside. Behind the counter stands Emilie, a beautiful barista with piercing green eyes and a bright smile. She greets Evan with a warm ""Bonjour!"" and asks how she can help him. Evan, smitten by her charming French accent, orders a cafÃ© au lait and takes a seat by the window. As he sips his coffee, he can't help but steal glances at Emilie, who is busy crafting intricate designs on the foam of the drinks. They exchange a few words, and Evan learns that Emilie is not only a talented barista but also an art student, passionate about painting and photography. The connection between them grows with each passing minute, and before Evan knows it, he's spent hours chatting with Emilie, learning about her love for the city, her favorite books, and her dreams for the future. As the sun begins to set, casting a golden glow over the city, Evan asks Emilie if she'd like to join him for a stroll along the Seine. She agrees, and they set off into the crisp spring air, arm in arm. The city is alive, and the spring festival is in full swing. They wander through the stalls, admiring the colorful flowers, sampling local delicacies, and laughing together at the street performers. The chemistry between them is undeniable, and Evan knows he's found someone special. As the night draws to a close, Evan walks Emilie back to the cafÃ©, where they share a tender kiss under the twinkling lights of the Eiffel Tower. The city of love has worked its magic once again, bringing together two strangers from different worlds. For Evan and Emilie, the spring festival has become a memory they'll cherish forever â a reminder of the power of chance encounters and the beauty of new beginnings. As Evan prepares to leave Paris, Emilie hands him a small sketchbook, filled with her artwork and a heartfelt message. ""Ã la prochaine,"" she writes â until next time. Evan knows he'll return to the City of Love, not just for the beauty and charm of Paris, but for the love he's found in Emilie's eyes. The spring festival may be over, but for Evan and Emilie, the celebration of their love has only just begun.","Paris, the City of Love, is renowned for its breathtaking beauty, charming atmosphere, and of course, the world-famous Eiffel Tower. For Evan, an American tourist, the City of Light has an added charm - Emilie, the lovely barista who has captured his heart. It's the first day of the spring festival, and Evan has wandered into a quaint little cafÃ© near the Seine River. The aroma of freshly brewed coffee and the sweet scent of blooming flowers fill the air as he takes a seat at the bar. Emilie, with her bright smile and sparkling eyes, greets him with a warm ""Bonjour!"" Evan is immediately smitten. As he orders his coffee, they strike up a conversation, exchanging stories about their favorite places in the city. Evan learns that Emilie is not only a skilled barista but also an art student, passionate about painting and photography. Her creativity and enthusiasm are infectious, and Evan finds himself feeling more and more at ease in her presence. As the day goes on, Evan returns to the cafÃ© several times, each time ordering a new drink and engaging in lively conversations with Emilie. They talk about everything from their favorite books and movies to their childhood memories and dreams. With each passing hour, their connection grows stronger. During the festival, the city is alive with music, laughter, and the sound of sizzling food. Evan and Emilie take a stroll along the Seine, taking in the sights and sounds of the celebration. They stop at a street vendor, where Evan buys Emilie a bouquet of fresh flowers, and they share a romantic picnic on the riverbank. As the sun begins to set, Evan walks Emilie back to the cafÃ©, feeling a sense of reluctance to say goodbye. But as they stand outside the cafÃ©, Emilie turns to him and says, ""Would you like to join me for dinner tomorrow night? I'd love to show you more of the city."" Evan's heart skips a beat as he accepts her invitation. The next evening, Emilie takes Evan on a magical tour of the city, showing him hidden gems and secret spots that only a true Parisian would know. They dine at a cozy little bistro, where they share a bottle of wine and more stories. As the night wears on, Evan realizes that he has fallen deeply in love with Emilie. The City of Love has worked its magic, and he knows that he will never forget this enchanting spring festival or the beautiful barista who stole his heart. As they sit on a moonlit bridge, gazing out at the Eiffel Tower, Evan takes Emilie's hand, and they share a tender kiss. The city may be famous for its beauty, but for Evan, it's the beauty of Emilie's heart that has truly captured him. And as they look out at the twinkling lights of the city, Evan knows that he will return to Paris, not just for the romance and charm, but for the love that he has found in the City of Love."
"Write a 500-word essay about the importance of space exploration, its role in advancing human knowledge, and its potential to address global challenges like climate change and resource scarcity:","Venturing into space is a groundbreaking endeavor that unlocks a multitude of benefits, extending far beyond the realms of scientific discovery and territorial growth. Space exploration, frequently overlooked, is a catalyst for scientific progress, driving the development of pioneering technologies and addressing humanity's most pressing challenges directly, making it a pursuit of paramount importance that warrants greater acknowledgment and support. This essay examines the importance of space exploration, its potential to broaden our understanding, and its ability to contribute to resolving critical global challenges like environmental decay and resource exhaustion. Understanding the cosmos is vital, as it allows us to grasp the intricate mechanisms governing the universe and our place within it, ultimately expanding our comprehension of reality itself. Exploring the vastness of the universe reveals a profound comprehension of the fundamental laws that shape reality, the origin of life, and the intricate chronology of cosmic evolution that has spanned eons of time.  Delving deeper into our environment not only quenches our innate desire for knowledge but also empowers us to make more informed choices about the planet's destiny, thereby shaping our relationship with the world that surrounds us. The pursuit of space exploration has far-reaching consequences, resulting in numerous groundbreaking discoveries that cumulatively contribute to a significant improvement in global well-being, manifesting in a multitude of tangible advantages. The rapid evolution of technology, encompassing satellite communication, GPS, and medical imaging, has significantly influenced our daily routines, work, and relationships, transforming the way we interact and live our lives. Advances in technology have not only bridged the world but have also led to better health outcomes worldwide, significantly impacting our daily lives and perceptions. Beyond its contributions to science and technology, space exploration provides a distinctive vantage point for understanding the Earth and its interconnected systems. Viewing our planet from space offers a comprehensive understanding of the interconnectedness of Earth's atmospheric, oceanic, and terrestrial systems, showcasing a cohesive entity that surpasses its individual components in complexity and unity. Understanding the effects of human actions on the environment is crucial for tackling pressing global issues, such as climate change, which is becoming more apparent with each passing day. Satellite imagery has been instrumental in tracking climate shifts, monitoring the growth of our oceans, and forecasting extreme weather events, all of which are crucial for comprehending the intricate dynamics of our planet's ever-changing environment. Creating a resilient and lasting future demands a sophisticated understanding of climate change's multifaceted impacts and the strategic application of targeted solutions to minimize its effects with accuracy and efficiency. One of the most significant benefits of space exploration is its potential to alleviate the consequences of dwindling resources on Earth. As the global population grows, the need for fundamental resources like food, water, and power is escalating, necessitating a significant boost in production to meet the rising demand. Exploring space can reveal previously unknown sources of essential materials, including minerals and water, which can be exploited to satisfy the growing need for these vital resources. By 2024, NASA's Artemis mission seeks to create a self-sustaining lunar community, ultimately paving the way for a permanent human settlement on the Moon that enables ongoing exploration and habitation. This expedition may reveal new helium-3 deposits, a scarce isotope that could serve as a fuel for nuclear fusion reactions, offering a potential source of power. Ultimately, space exploration is crucial for expanding our understanding of the universe, fostering groundbreaking technological advancements, and tackling pressing global issues such as environmental degradation and resource depletion. Venturing into the unknown reaches of space not only expands our comprehension of the cosmos, but also paves the way for groundbreaking discoveries that, in turn, significantly influence our daily lives and overall well-being. Satellite imaging provides a distinct viewpoint, allowing us to comprehend the intricacies of the obstacles we encounter and tackle them with greater success. As we venture deeper into the cosmos, we may stumble upon innovative answers to humanity's most critical challenges, thereby ensuring a thriving and sustainable world for future generations to inherit.","Space exploration is an essential endeavor for humanity, offering numerous benefits that extend beyond the realm of scientific discovery. While some may view it as a luxury or a frivolous pursuit, the reality is that space exploration plays a vital role in advancing human knowledge, driving technological innovation, and addressing some of the most pressing global challenges we face today. In this essay, we will explore the importance of space exploration, its contributions to human understanding, and its potential to help mitigate global crises like climate change and resource scarcity. One of the primary reasons space exploration is essential is that it allows us to expand our understanding of the universe and our place within it. By exploring the cosmos, we gain valuable insights into the fundamental laws of physics, the origins of life, and the evolution of the universe. This knowledge not only satisfies our innate curiosity but also informs our understanding of the world around us, enabling us to make more informed decisions about our planet and its resources. Furthermore, space exploration drives technological innovation, which has numerous spin-off benefits for society. The development of new technologies, such as satellite communications, GPS, and medical imaging, has transformed the way we live, work, and interact with one another. These innovations have also improved our daily lives, from enabling global connectivity to enhancing healthcare outcomes. In addition to its scientific and technological benefits, space exploration also offers a unique perspective on the Earth and its systems. By studying the Earth from space, we gain a deeper understanding of the complex interactions between our atmosphere, oceans, and landmasses. This knowledge is essential for addressing global challenges like climate change, where the impacts of human activity on the planet are becoming increasingly evident. Space-based observations have played a critical role in monitoring climate change, tracking sea-level rise, and predicting weather patterns. These insights are essential for developing effective strategies to mitigate the effects of climate change and ensure a sustainable future. Another significant benefit of space exploration is its potential to address resource scarcity. As the global population continues to grow, the demand for resources like food, water, and energy is increasing. Space exploration offers a unique opportunity to identify new sources of resources, such as minerals and water, that can help meet this demand. For example, NASA's Artemis program aims to return humans to the Moon by 2024, with the long-term goal of establishing a sustainable presence on the lunar surface. This mission could potentially unlock new resources, such as helium-3, a rare isotope that could be used as fuel for nuclear fusion. In conclusion, space exploration is essential for advancing human knowledge, driving technological innovation, and addressing global challenges like climate change and resource scarcity. By exploring the cosmos, we gain valuable insights into the universe and our place within it, while also developing new technologies that improve our daily lives. Furthermore, space-based observations offer a unique perspective on the Earth and its systems, enabling us to better understand and address the complex challenges we face. As we continue to explore the vast expanse of space, we may uncover new solutions to some of humanity's most pressing problems, ensuring a sustainable and prosperous future for generations to come.","Space exploration is an essential endeavor for humanity, offering numerous benefits that extend beyond the realm of scientific discovery. It plays a vital role in advancing human knowledge, driving technological innovations, and addressing pressing global challenges such as climate change and resource scarcity. In this essay, we will explore the significance of space exploration and its potential to shape the future of our planet and beyond. The pursuit of space exploration is often viewed as a costly and ambitious endeavor, but it is essential to recognize the significant contributions it makes to our understanding of the universe and the world we inhabit. By venturing into space, we gain insights into the fundamental laws of physics, the origins of life, and the evolution of the cosmos. These discoveries not only expand our scientific knowledge but also inspire new generations of scientists, engineers, and innovators. Furthermore, space exploration has led to numerous technological innovations that have transformed various aspects of our daily lives. From the development of GPS and telecommunications to medical imaging and weather forecasting, the spin-off benefits of space exploration have been substantial. These innovations have improved the quality of life for millions of people around the world and have also generated significant economic benefits. In addition to its scientific and technological benefits, space exploration also offers a unique opportunity to address pressing global challenges. For instance, the study of Earth from space provides critical insights into the health of our planet and the impacts of climate change. Satellite imaging and remote sensing technologies have enabled scientists to monitor deforestation, track ocean currents, and detect changes in global temperature patterns. This information is essential for developing effective strategies to mitigate the effects of climate change and promote sustainable development. Another significant benefit of space exploration is its potential to provide new resources and opportunities for economic growth. As the world's population continues to grow, the demand for resources such as food, water, and energy will increase. Space exploration offers a way to address this challenge by accessing new sources of resources, such as asteroid mining and lunar helium-3 extraction. These resources could provide a clean and sustainable source of energy, reducing our reliance on fossil fuels and mitigating the impacts of climate change. Finally, space exploration offers a unique opportunity for international cooperation and diplomacy. In an era marked by increasing global tensions and conflict, space exploration provides a shared goal that can bring nations together. Collaborative efforts such as the International Space Station and the Artemis program have demonstrated the potential for space exploration to foster global cooperation and understanding. In conclusion, space exploration is essential for advancing human knowledge, driving technological innovations, and addressing pressing global challenges. Its significance extends beyond the realm of scientific discovery, offering numerous benefits that have the potential to shape the future of our planet and beyond. As we continue to explore the vastness of space, we must recognize the importance of investing in this endeavor and working together to address the challenges that lie ahead. By doing so, we can ensure that the benefits of space exploration are shared by all and that the next generation of scientists, engineers, and innovators is inspired to reach for the stars."
"Write a 500-word essay about the importance of space exploration, its role in advancing human knowledge, and its potential to address global challenges like climate change and resource scarcity, with a focus on technologies developed for space missions, their applications on Earth, the possibility of colonizing other planets like Mars, and the ethical considerations of interplanetary exploration:","As the pace of modern life accelerates, pressing global concerns frequently take precedence over the long-term goal of space exploration, relegating it to a lower rung on the priority ladder. The advantages of space exploration, frequently underappreciated, hold the key to deciphering the intricacies of our planet's interconnected systems and mitigating the severe environmental and resource crises that threaten the long-term sustainability of our ecosystems, which teeter on the edge of catastrophic collapse. The pursuit of space exploration holds profound significance for our comprehension of the universe and its potential to address pressing global challenges that require immediate attention and resolution more than ever in this critical moment in history. Pursuing space exploration is crucial in addressing global challenges, as it fosters groundbreaking technological advancements that can be applied across various industries and help overcome complex obstacles.  Technological innovations that have significantly enhanced life on Earth, including memory foam, water filtration systems, and photovoltaic panels, were initially designed for space exploration missions. Advances in technology are crucial in addressing global issues like climate change, as they enable the creation of more effective renewable energy systems and novel methods for removing carbon dioxide from the atmosphere through storage and capture technologies. Space exploration can drive breakthroughs in technology that tackle pressing problems like resource depletion, such as creating more effective recycling and water conservation methods, thereby minimizing the likelihood of shortages and scarcity-related worries. As Earth's resources dwindle, the feasibility of establishing colonies on other planets, such as Mars, may rise, driven by the potential of space exploration to address pressing global challenges and secure a sustainable future for humanity's long-term survival. Establishing a human settlement on another planet would serve as a vital insurance policy against catastrophic events like asteroid collisions and massive volcanic eruptions, while also enabling the exploitation of new resources, thereby easing the pressure on Earth's already depleted reserves, which are being further strained by the consequences of unchecked population growth. Achieving a human presence on another planet would be a groundbreaking achievement, potentially triggering a cascade of technological advancements that could significantly benefit Earth, such as improved agricultural methods, more efficient renewable energy solutions, and more effective resource management techniques that prioritize long-term sustainability. Sending humans to other planets raises a complex array of moral concerns that demand careful consideration and evaluation. Establishing a human settlement on another planet could lead to catastrophic outcomes, such as the depletion of its natural resources and the extinction of any native species, ultimately making the planet hostile to its original inhabitants. As we venture further into space, it's essential to consider the substantial hurdles that will influence our path and aspirations in space exploration and settlement, taking a thoughtful approach to our expansion into the cosmos. While establishing a human settlement on another planet might offer a temporary reprieve from the consequences of our actions on Earth, it could also serve as a convenient excuse to sidestep the fundamental issues plaguing our planet, thereby allowing us to temporarily shirk accountability for our actions. To effectively address these complex challenges, a thoughtful approach is required, involving a thorough examination to understand their subtleties and create a comprehensive plan for execution. As global problems intensify, space exploration has become a critical pursuit that tackles the most critical issues head-on, whose complexities and repercussions are growing exponentially more profound and far-reaching. As space exploration advances, it may unlock solutions to pressing environmental and resource issues, and the prospect of establishing human settlements on other planets could provide a new source of resources, mitigating concerns about overpopulation and serving as a safeguard against the depletion of global resources and the long-term threats to the planet's ecological balance. As we venture further into the cosmos, it's essential to confront the profound moral repercussions of our actions, working towards a more equitable and sustainable world, rather than continually evading the devastating consequences of our ecological and social impact on our planet, which we've been futilely attempting to outrun for far too long, with diminishing rewards and no respite in sight.","Space exploration is often viewed as a luxury that the world cannot afford, especially given the pressing global challenges we face today, such as climate change and resource scarcity. However, the truth is that space exploration is not only essential for advancing human knowledge, but it also holds the key to addressing many of the problems that we face on Earth. The technologies developed for space missions have numerous applications on our planet, and the possibility of colonizing other planets, such as Mars, offers a potential solution to the long-term sustainability of human civilization. 

One of the most significant benefits of space exploration is the development of new technologies that have spin-off applications on Earth. For example, the memory foam that is used in mattresses and pillows today was originally developed by NASA to improve the safety of aircraft seats. Similarly, the water purification systems that are used in many parts of the world were developed by NASA to recycle water for astronauts on the International Space Station. These technologies have improved the quality of life for millions of people around the world and have saved countless lives. 

Space exploration also plays a critical role in addressing global challenges like climate change. Satellites in orbit around the Earth provide critical data on the health of our planet, including the extent of deforestation, the melting of polar ice caps, and the rise of sea levels. This data is essential for scientists to understand the impacts of climate change and to develop effective strategies for mitigating its effects. Furthermore, the technological innovations that have been developed for space missions, such as advanced solar panels and more efficient batteries, have the potential to reduce our reliance on fossil fuels and to transition to renewable energy sources. 

In addition to the technological innovations, the possibility of colonizing other planets offers a potential solution to the long-term sustainability of human civilization. As the world's population continues to grow, the pressure on our planet's resources will only increase, making it essential to explore alternative sources of food, water, and energy. Mars, in particular, offers a promising opportunity for colonization, with its rocky terrain and frozen water reserves making it an attractive candidate for human settlement. 

However, the possibility of colonizing other planets also raises important ethical considerations. As we explore and settle other planets, we must consider the potential impacts on any existing life forms and the long-term consequences for the planet's ecosystem. We must also consider the moral implications of establishing human settlements on other planets, including the potential for exploitation and the rights of any indigenous populations. 

In conclusion, space exploration is not a luxury, but a necessity for advancing human knowledge and addressing global challenges. The technologies developed for space missions have numerous applications on Earth, and the possibility of colonizing other planets offers a potential solution to the long-term sustainability of human civilization. As we continue to explore and settle other planets, we must consider the ethical implications of our actions and strive to ensure that our presence in space is responsible and sustainable. By doing so, we can ensure that the benefits of space exploration are shared by all and that we create a better future for ourselves and for generations to come. 

Word Count: 499.","Space exploration is often viewed as an esoteric pursuit, detached from the pressing problems of the present. However, the truth is that the technological innovations and scientific discoveries that arise from space exploration have the potential to address some of the most pressing global challenges we face today, including climate change and resource scarcity. In this essay, we will explore the importance of space exploration, its role in advancing human knowledge, and the ways in which it can help address global challenges.

One of the primary ways that space exploration contributes to addressing global challenges is through the development of new technologies. Many of the technological innovations that have improved life on Earth, such as memory foam, water purification systems, and solar panels, were first developed for use in space missions. These technologies have the potential to be adapted and applied to address pressing problems such as climate change, where they could be used to develop more efficient renewable energy systems or to create more effective systems for removing carbon dioxide from the atmosphere. Additionally, the technological innovations that arise from space exploration can also help address issues of resource scarcity, such as by developing more efficient systems for recycling and conserving water and other essential resources.

Another way that space exploration can help address global challenges is through the possibility of colonizing other planets, such as Mars. Establishing a human settlement on another planet would not only provide a safeguard against global catastrophes, such as asteroid impacts or supervolcanic eruptions, but also offer a new source of resources and a potential solution to issues of overpopulation. Furthermore, the technological innovations that would arise from the process of establishing a human settlement on another planet would likely have numerous spin-off benefits for life on Earth, such as the development of more efficient systems for producing food, generating energy, and recycling resources.

However, the possibility of colonizing other planets also raises important ethical considerations. For example, would the colonization of another planet involve the exploitation of the planet's natural resources, and would it lead to the displacement of any existing life forms? These are important questions that must be carefully considered as we move forward with plans for interplanetary exploration and colonization. Additionally, there is also the question of whether the colonization of another planet would be a viable solution to the problems we face on Earth, or whether it would simply be a means of escaping the consequences of our actions. These are complex and multifaceted issues that require careful consideration and debate.

In conclusion, space exploration is not simply a frivolous pursuit, but rather an essential component of addressing the global challenges we face today. The technological innovations and scientific discoveries that arise from space exploration have the potential to address pressing problems such as climate change and resource scarcity, and the possibility of colonizing other planets offers a new source of resources and a potential solution to issues of overpopulation. However, as we move forward with plans for interplanetary exploration and colonization, it is essential that we carefully consider the ethical implications of our actions and ensure that we are not simply escaping the consequences of our actions, but rather working to create a more sustainable and equitable future for all."
Write a 500-word essay about the importance of space exploration and its role in advancing human knowledge:,"For generations, humans have been fueled by an insatiable curiosity to venture into the unknown, propelling the relentless advancement of space exploration. Humanity's insatiable quest for knowledge propels us to unravel the mysteries of the universe, driven by an unrelenting pursuit of the fundamental laws that govern its infinite vastness. Exploring space not only fuels groundbreaking advancements and new knowledge, but also fosters a more interconnected world, inspires global collaboration, and encourages the next generation to pursue careers in science, technology, engineering, and mathematics, ultimately empowering them to address the world's most pressing challenges. Space exploration has profoundly expanded our comprehension of the universe, uncovering the mysteries that lie at the outermost boundaries of existence. Observing from a distance in space allows scientists to gather information that cannot be accessed from Earth's surface. Groundbreaking findings from the Hubble Space Telescope have significantly expanded our comprehension of the cosmos, casting new insights into the formation of stars, the characteristics of planets, and the enigmas surrounding celestial entities that exist beyond our solar system. Exploring the intricate workings of the universe is essential for crafting theoretical frameworks, deepening our comprehension of the underlying laws that govern the cosmos, and possibly shedding light on the enigmas surrounding the universe's birth and destiny. Exploring the cosmos accelerates the development of groundbreaking technologies. The unforgiving conditions of space have driven the creation of revolutionary innovations. Technological advancements often yield tangible benefits on Earth, leading to increased efficiency in numerous industries. The technology that pioneered space travel has evolved into a vital instrument for fostering global unity, tracking environmental changes, and providing navigation assistance. Advances in space exploration have driven breakthroughs in materials science, robotics, and medical technology, yielding a wide range of practical applications that improve our daily experiences. Global collaboration in space exploration fosters a sense of shared purpose and mutual understanding among countries with varying cultural backgrounds. Global space exploration initiatives frequently require joint access to critical assets and expertise, fostering intergovernmental partnerships that facilitate mutual understanding and cooperation. The International Space Station embodies a unified international endeavor aimed at achieving a common goal. When countries collaborate, they not only develop a more sophisticated comprehension of the intricate global landscape but also cultivate a more cohesive global society, united by a common vision and bound together by their pursuit of far-reaching objectives. Delving into the mysteries of space has a profound effect on the ambitions of the younger generation. Breathtaking depictions of the cosmos's immense scale and delicate patterns ignite a sense of wonder in children, inspiring them to embark on careers in scientific discovery, technological innovation, and mathematical problem-solving. To tackle the pressing global issues of the future, it is essential that the upcoming generation is empowered with the necessary expertise and abilities to devise creative solutions and tackle intricate problems. Unlocking the secrets of the cosmos may provide the solution to some of humanity's most critical problems. Investigating other celestial bodies can offer profound understanding of the dynamics of climate change and ecological systems, ultimately shedding light on the complexities of our planet's environmental systems. By harnessing the untapped mineral riches of asteroids and other extraterrestrial sources, we can alleviate the pressure on Earth's dwindling resources, facilitating a more sustainable replenishment of our planet's reserves. Human fascination with the universe drives an unyielding quest for space discovery. This introspection prompts us to examine the intrinsic essence of humanity and our obligations towards the planet, which will be inhabited by future generations. Humanity's insatiable drive for exploration and progress has profound implications for its ongoing quest for knowledge and improvement. Exploring space drives our quest for understanding, promotes global collaboration, sparks innovation among young minds, and tackles the universal problems that bind us together as a global community. As we push the boundaries of space exploration, the benefits of discovery will far outweigh the vastness of the cosmos, significantly expanding our understanding of the universe and our place within it.","Space exploration has long captured the human imagination, serving as a beacon of our quest for knowledge and understanding of the universe. By venturing beyond our own planet, we endeavor to answer fundamental questions about our origins, destiny, and our place in the cosmos. The importance of space exploration lies not only in the scientific discoveries it facilitates but also in its potential to drive technological innovation, inspire future generations, and foster international cooperation.

At its core, space exploration is about pushing the boundaries of human knowledge. It allows us to study celestial bodies up close and to gather data that informs our understanding of fundamental physical laws. For instance, missions to Mars have provided insights into the planet's geology, climate, and the potential for past life, reshaping our understanding of planetary systems. Similarly, telescopes like Hubble have revealed the age, structure, and expansion of the universe, contributing to the field of cosmology by helping us understand the life cycles of stars, galaxies, and the nature of dark matter and dark energy.

Beyond the pursuit of knowledge, space exploration acts as a catalyst for technological advancement. The challenges inherent in reaching, surviving, and operating in space environments have led to the development of new materials, systems, and technologies that prove invaluable across various domains on Earth. For example, innovations in satellite technology have revolutionized communications, weather forecasting, and global positioning systems (GPS), directly impacting our daily lives. The need for reliable life-support systems in space has also spurred advances in fields such as renewable energy and water purification, demonstrating how extraterrestrial exploration can yield terrestrial benefits.

Moreover, space exploration serves as a powerful source of inspiration, particularly for younger generations. The stories of astronauts venturing into space, the mesmerizing images of distant planets and galaxies, and the feats of engineering required to propel humans and machines beyond our atmosphere inspire countless individuals to pursue careers in science, technology, engineering, and mathematics (STEM). Programs like NASA's Artemis or the European Space Agency's (ESA) foster interest and participation in STEM fields, driving educational advancements and ensuring a pipeline of innovators equipped to address future challenges.

Space exploration also carries significant geopolitical importance, offering a platform for international collaboration. The International Space Station (ISS) serves as a symbol of what can be achieved when nations work together, fostering peaceful cooperation in pursuit of knowledge. Joint missions and shared data between agencies like NASA, ESA, Roscosmos, CNSA, and ISRO, among others, demonstrate how space endeavors can transcend earthly politics, promoting global partnerships that extend beyond scientific collaboration.

Finally, as humanity faces pressing challenges such as climate change, resource scarcity, and potential existential threats from asteroids or comets, space exploration offers a path towards sustainable future solutions. Identifying resources beyond Earth, understanding planetary ecosystems, and developing technologies for long-term survival in space could prove crucial as we consider the preservation of our own planet and the possibility of establishing a human presence on other worlds.

In conclusion, space exploration is a vital enterprise that advances human knowledge, drives technological innovation, inspires current and future generations, and strengthens international bonds. As we look to the stars, we are reminded not only of our smallness in the universe but also of the endless possibilities that lie ahead. The pursuit of the unknown through exploration embodies the very essence of human curiosity and our unyielding desire to understand and improve the world around us.","Space exploration has long been a symbol of human curiosity and ambition. It represents the drive to expand our knowledge beyond the confines of Earth and to understand the universe in which we live. The importance of space exploration extends well beyond the realms of science and technology; it plays a crucial role in advancing human knowledge across numerous fields and fostering international collaboration, inspiring future generations, and addressing global challenges.

One significant aspect of space exploration is its contribution to our scientific understanding of the universe. By venturing beyond Earth, scientists can gather data that is unattainable from a terrestrial perspective. Space missions, such as those conducted by the Hubble Space Telescope, have revolutionized our understanding of galactic processes, the life cycles of stars, and the properties of distant exoplanets. This information is critical for developing models of the cosmos, enhancing our understanding of fundamental physics, and potentially answering profound questions about the origins and fate of the universe.

Furthermore, space exploration drives technological innovation. The challenges posed by operating in the harsh environment of space have resulted in the development of cutting-edge technologies. These advancements often find applications on Earth, leading to improvements in numerous industries. For instance, satellite technology, initially developed for space exploration, now underpins global communication, weather forecasting, and navigation systems. The need to sustain human life in space has also led to innovations in fields such as materials science, robotics, and medical technology, many of which have direct benefits to everyday life.

Another pivotal role of space exploration is the promotion of international cooperation. Space missions frequently require resources and expertise that transcend national borders, fostering collaboration among countries. The International Space Station (ISS) is a prime example of what nations can achieve when they work together towards common goals. This kind of collaboration not only advances scientific knowledge but also promotes peaceful international relations, as countries are bound by shared interests and mutual reliance in achieving ambitious objectives.

Space exploration also inspires future generations. The awe-inspiring images of distant planets and galaxies ignite the imagination of young people, encouraging them to pursue careers in science, technology, engineering, and mathematics (STEM). These fields are crucial for addressing future global challenges, ensuring that the next generation is equipped with the skills and knowledge needed to innovate and solve complex problems.

Moreover, exploring space offers potential solutions to pressing issues on Earth. For instance, the study of other planets can provide insights into climate change and ecological processes, enhancing our understanding of Earth's own environment. Additionally, space exploration might present opportunities for resource acquisition, such as mining asteroids or other celestial bodies, which could alleviate demand on Earth's resources.

Lastly, space exploration addresses the existential question of humanity's place in the universe. It challenges us to consider what it means to be human and our responsibilities towards Earth and future generations. The pursuit of knowledge and exploration beyond our planet is a testament to our species' ingenuity and desire to understand the unknown.

In conclusion, space exploration is far more than a scientific endeavor; it is a catalyst for advancing human knowledge, fostering international cooperation, inspiring future innovators, and addressing global challenges. As we continue to push the boundaries of what is possible, the benefits of space exploration will surely extend well beyond the stars, enriching our understanding of the universe and our place within it."
